{"cameraMode":{"drawMode":0,"name":"Shaded","section":"Shading Mode"},"sceneLighting":false,"audioPlay":false,"sceneViewState":{"m_AlwaysRefresh":false,"showFog":true,"showSkybox":false,"showFlares":true,"showImageEffects":true,"showParticleSystems":true,"showVisualEffectGraphs":true,"m_FxEnabled":true},"in2DMode":false,"pivot":{"x":1.2631078958511353,"y":-0.13779686391353608,"z":0.08888936787843704},"rotation":{"x":0.05768737196922302,"y":-0.9061642289161682,"z":0.13139720261096955,"w":0.3978354334831238},"size":1.8113596439361573,"orthographic":true}